date,state,aggravated-assault,arson,burglary,homicide,larceny,motor-vehicle-theft,property-crime,rape,robbery,violent-crime
1991,Alabama,21909.0,92.0,47915.0,434.0,107142.0,12952.0,168101.0,1423.0,5866.0,29632.0
1991,Iowa,,,1.0,,2.0,,3.0,,,
1991,Illinois,2.0,,2.0,2.0,6.0,2.0,10.0,1.0,,5.0
1991,North Dakota,155.0,76.0,1640.0,3.0,9074.0,625.0,11415.0,140.0,34.0,332.0
1991,South Carolina,24779.0,1190.0,43161.0,379.0,103854.0,11417.0,159622.0,2600.0,5755.0,33513.0
1992,Alabama,17637.0,462.0,39716.0,278.0,107129.0,13071.0,160378.0,1279.0,5210.0,24404.0
1992,Colorado,201.0,65.0,471.0,3.0,2155.0,302.0,2993.0,22.0,74.0,300.0
1992,Iowa,3978.0,574.0,11417.0,29.0,46364.0,2526.0,60881.0,440.0,731.0,5178.0
1992,Idaho,1402.0,137.0,3842.0,17.0,14652.0,965.0,19596.0,230.0,104.0,1753.0
1992,Illinois,1.0,,3.0,1.0,1.0,1.0,5.0,,,2.0
1992,North Dakota,176.0,78.0,1741.0,5.0,10489.0,684.0,12992.0,155.0,42.0,378.0
1992,South Carolina,26356.0,1264.0,49729.0,380.0,117135.0,14050.0,182178.0,2919.0,6372.0,36027.0
1993,Colorado,192.0,39.0,388.0,,1878.0,195.0,2500.0,23.0,55.0,270.0
1993,Iowa,5193.0,664.0,13954.0,53.0,52953.0,3354.0,70925.0,565.0,938.0,6749.0
1993,Idaho,2656.0,232.0,6788.0,28.0,27504.0,1980.0,36504.0,498.0,172.0,3354.0
1993,Illinois,12824.0,1100.0,37659.0,191.0,128716.0,13393.0,180868.0,1772.0,4211.0,18998.0
1993,North Dakota,177.0,98.0,1735.0,8.0,10737.0,757.0,13327.0,142.0,45.0,372.0
1993,South Carolina,28603.0,477.0,47519.0,390.0,119083.0,13836.0,180915.0,2719.0,6995.0,38707.0
1993,Utah,205.0,49.0,886.0,12.0,4455.0,312.0,5702.0,98.0,34.0,349.0
1993,Vermont,,1.0,47.0,,69.0,6.0,123.0,6.0,,6.0
1994,Colorado,96.0,22.0,156.0,,753.0,67.0,998.0,9.0,21.0,126.0
1994,Iowa,5225.0,687.0,14050.0,40.0,54201.0,3867.0,72805.0,650.0,1025.0,6940.0
1994,Idaho,2748.0,349.0,7875.0,40.0,32444.0,2322.0,42990.0,416.0,209.0,3413.0
1994,Illinois,10536.0,1106.0,28253.0,170.0,103319.0,10576.0,143254.0,1351.0,3625.0,15682.0
1994,Massachusetts,53.0,2.0,42.0,,199.0,37.0,280.0,,4.0,57.0
1994,North Dakota,185.0,89.0,1569.0,,10683.0,800.0,13141.0,163.0,58.0,406.0
1994,South Carolina,29612.0,806.0,47366.0,358.0,125599.0,15134.0,188905.0,2854.0,7083.0,39907.0
1994,Utah,740.0,153.0,3543.0,15.0,19230.0,1272.0,24198.0,286.0,137.0,1178.0
1994,Virginia,127.0,28.0,198.0,11.0,1280.0,419.0,1925.0,55.0,29.0,222.0
1994,Vermont,140.0,164.0,2080.0,2.0,3735.0,327.0,6306.0,84.0,23.0,249.0
1995,Iowa,6162.0,686.0,17368.0,54.0,64589.0,5210.0,87853.0,649.0,1225.0,8090.0
1995,Idaho,3051.0,343.0,8617.0,43.0,35429.0,2935.0,47324.0,412.0,258.0,3764.0
1995,Illinois,2.0,,1.0,,4.0,,5.0,,,2.0
1995,Massachusetts,6470.0,256.0,9226.0,12.0,24793.0,4325.0,38600.0,383.0,866.0,7731.0
1995,Michigan,4460.0,607.0,12590.0,41.0,53828.0,6142.0,73167.0,1110.0,1021.0,6632.0
1995,North Dakota,172.0,86.0,1620.0,2.0,10074.0,795.0,12575.0,135.0,47.0,356.0
1995,South Carolina,24262.0,817.0,38066.0,248.0,106723.0,12071.0,157677.0,2301.0,5161.0,31972.0
1995,Utah,1025.0,166.0,4351.0,27.0,27312.0,1727.0,33556.0,373.0,169.0,1594.0
1995,Virginia,580.0,78.0,1318.0,22.0,5961.0,669.0,8026.0,169.0,138.0,909.0
1995,Vermont,208.0,146.0,1956.0,9.0,3947.0,290.0,6339.0,78.0,19.0,314.0
1996,Iowa,5018.0,662.0,16028.0,55.0,61888.0,4730.0,83308.0,645.0,1048.0,6766.0
1996,Idaho,2555.0,319.0,8102.0,46.0,33692.0,2315.0,44428.0,398.0,236.0,3235.0
1996,Illinois,,,1.0,,1.0,,2.0,1.0,1.0,2.0
1996,Massachusetts,9693.0,424.0,11919.0,34.0,32472.0,4892.0,49707.0,588.0,1179.0,11494.0
1996,Michigan,8235.0,1119.0,23864.0,94.0,103726.0,12442.0,141151.0,2081.0,2120.0,12530.0
1996,North Dakota,181.0,73.0,1425.0,9.0,8946.0,853.0,11297.0,144.0,51.0,385.0
1996,South Carolina,28724.0,1032.0,47689.0,340.0,132099.0,16227.0,197047.0,2739.0,6562.0,38365.0
1996,Utah,1012.0,194.0,4503.0,15.0,26603.0,1871.0,33171.0,388.0,167.0,1582.0
1996,Virginia,1265.0,170.0,3431.0,43.0,16115.0,1507.0,21223.0,320.0,425.0,2053.0
1996,Vermont,115.0,88.0,1445.0,4.0,3004.0,266.0,4803.0,50.0,8.0,177.0
1997,Colorado,3484.0,701.0,15235.0,63.0,66942.0,7332.0,90210.0,934.0,909.0,5390.0
1997,Iowa,5420.0,571.0,18080.0,41.0,61071.0,5203.0,84925.0,663.0,1076.0,7200.0
1997,Idaho,2476.0,315.0,8779.0,38.0,33070.0,2522.0,44686.0,464.0,235.0,3213.0
1997,Illinois,5.0,,,,2.0,,2.0,1.0,,6.0
1997,Massachusetts,12776.0,521.0,14115.0,25.0,39125.0,6932.0,60693.0,673.0,1349.0,14823.0
1997,Michigan,12421.0,1441.0,32248.0,148.0,139910.0,17248.0,190847.0,2951.0,3209.0,18729.0
1997,North Dakota,179.0,69.0,1689.0,5.0,9809.0,839.0,12406.0,140.0,33.0,357.0
1997,South Carolina,28672.0,1123.0,46723.0,318.0,133793.0,16025.0,197664.0,2845.0,6737.0,38572.0
1997,Tennessee,402.0,33.0,1432.0,17.0,2683.0,284.0,4432.0,66.0,80.0,565.0
1997,Texas,801.0,68.0,2611.0,27.0,9528.0,1659.0,13866.0,327.0,466.0,1621.0
1997,Utah,1527.0,193.0,5845.0,30.0,33666.0,2566.0,42270.0,555.0,310.0,2422.0
1997,Virginia,3111.0,462.0,7628.0,78.0,39053.0,3261.0,50404.0,850.0,844.0,4883.0
1997,Vermont,103.0,86.0,1235.0,4.0,2854.0,212.0,4387.0,48.0,6.0,161.0
1998,Colorado,4549.0,762.0,15549.0,60.0,65909.0,7557.0,89777.0,1116.0,1543.0,7268.0
1998,Connecticut,65.0,10.0,125.0,3.0,592.0,69.0,796.0,15.0,20.0,103.0
1998,Iowa,5672.0,652.0,16420.0,47.0,58956.0,4886.0,80914.0,801.0,1075.0,7595.0
1998,Idaho,2788.0,302.0,8232.0,36.0,31718.0,2383.0,42635.0,478.0,262.0,3564.0
1998,Illinois,,,,,3.0,,3.0,1.0,,1.0
1998,Kentucky,194.0,8.0,414.0,2.0,1864.0,133.0,2419.0,31.0,62.0,289.0
1998,Massachusetts,13117.0,480.0,13696.0,34.0,41701.0,6501.0,62378.0,742.0,1277.0,15170.0
1998,Michigan,14377.0,1923.0,38868.0,176.0,147667.0,18501.0,206959.0,4619.0,3412.0,22584.0
1998,North Dakota,169.0,75.0,1759.0,5.0,9654.0,862.0,12350.0,187.0,43.0,404.0
1998,Nebraska,227.0,,,3.0,,440.0,440.0,46.0,,276.0
1998,Ohio,1633.0,334.0,10123.0,33.0,27863.0,5217.0,43537.0,472.0,2158.0,4296.0
1998,South Carolina,26983.0,971.0,45054.0,312.0,129111.0,16362.0,191498.0,2654.0,6092.0,36041.0
1998,Tennessee,4830.0,360.0,10680.0,86.0,29885.0,3526.0,44451.0,558.0,600.0,6074.0
1998,Texas,2528.0,290.0,8832.0,40.0,32745.0,4157.0,46024.0,719.0,1213.0,4500.0
1998,Utah,1567.0,212.0,5787.0,26.0,35387.0,2878.0,44264.0,564.0,405.0,2562.0
1998,Virginia,5377.0,619.0,11622.0,107.0,54376.0,4703.0,71320.0,1248.0,1213.0,7945.0
1998,Vermont,236.0,119.0,2441.0,8.0,7123.0,506.0,10189.0,94.0,21.0,359.0
1998,West Virginia,380.0,41.0,1208.0,14.0,2711.0,491.0,4451.0,112.0,92.0,598.0
1999,Arkansas,,,1.0,,12.0,6.0,19.0,,1.0,1.0
1999,Colorado,3997.0,595.0,12532.0,89.0,56217.0,6839.0,76183.0,857.0,1387.0,6330.0
1999,Connecticut,471.0,57.0,1496.0,4.0,7363.0,760.0,9676.0,71.0,169.0,715.0
1999,Iowa,5670.0,647.0,15415.0,48.0,59756.0,4855.0,80673.0,891.0,1015.0,7624.0
1999,Idaho,2426.0,274.0,7364.0,25.0,27259.0,2037.0,36934.0,513.0,228.0,3192.0
1999,Illinois,1.0,,4.0,,4.0,,8.0,2.0,1.0,4.0
1999,Kentucky,258.0,7.0,508.0,4.0,2075.0,196.0,2786.0,29.0,47.0,338.0
1999,Massachusetts,11202.0,593.0,13234.0,36.0,43561.0,6216.0,63604.0,773.0,1322.0,13333.0
1999,Michigan,13194.0,1744.0,36470.0,191.0,144282.0,19560.0,202056.0,4650.0,3032.0,21067.0
1999,North Dakota,187.0,68.0,1700.0,6.0,8073.0,759.0,10600.0,162.0,50.0,405.0
1999,Nebraska,177.0,,,5.0,,415.0,415.0,60.0,,242.0
1999,Ohio,2210.0,410.0,13552.0,73.0,39618.0,6229.0,59809.0,667.0,2759.0,5709.0
1999,South Carolina,25757.0,1095.0,40521.0,285.0,123627.0,14895.0,180138.0,2582.0,6171.0,34795.0
1999,Tennessee,10890.0,696.0,20340.0,134.0,63012.0,7483.0,91531.0,1091.0,1364.0,13479.0
1999,Texas,2889.0,308.0,10708.0,41.0,40623.0,4394.0,56033.0,862.0,1323.0,5115.0
1999,Utah,1517.0,205.0,5978.0,23.0,37104.0,3404.0,46691.0,662.0,378.0,2580.0
1999,Virginia,8032.0,931.0,17658.0,188.0,94269.0,8686.0,121544.0,1903.0,2803.0,12926.0
1999,Vermont,344.0,101.0,2833.0,10.0,8672.0,744.0,12350.0,101.0,61.0,516.0
1999,West Virginia,4007.0,418.0,8005.0,69.0,22230.0,2914.0,33567.0,476.0,498.0,5050.0
2000,Arkansas,27.0,2.0,167.0,,1220.0,100.0,1489.0,14.0,8.0,49.0
2000,Colorado,4406.0,736.0,12643.0,66.0,57841.0,7988.0,79208.0,880.0,1371.0,6723.0
2000,Connecticut,1459.0,135.0,3349.0,18.0,16150.0,2452.0,22086.0,182.0,748.0,2407.0
2000,DC,72.0,4.0,4.0,1.0,755.0,268.0,1031.0,,81.0,154.0
2000,Iowa,5896.0,598.0,15714.0,49.0,63770.0,5283.0,85365.0,876.0,1058.0,7879.0
2000,Idaho,2634.0,317.0,6927.0,16.0,28841.0,2134.0,38219.0,459.0,221.0,3330.0
2000,Illinois,5.0,,2.0,,,1.0,3.0,1.0,,6.0
2000,Kansas,3800.0,787.0,9795.0,47.0,42565.0,3145.0,56292.0,729.0,438.0,5014.0
2000,Kentucky,474.0,22.0,925.0,5.0,3957.0,363.0,5267.0,41.0,103.0,623.0
2000,Massachusetts,12805.0,591.0,12964.0,49.0,50691.0,7229.0,71475.0,956.0,1439.0,15249.0
2000,Michigan,18108.0,2220.0,44419.0,226.0,165803.0,24960.0,237402.0,5639.0,4371.0,28344.0
2000,North Dakota,210.0,59.0,1520.0,3.0,8230.0,784.0,10593.0,179.0,42.0,434.0
2000,Nebraska,163.0,,,6.0,,394.0,394.0,32.0,,201.0
2000,Ohio,2476.0,565.0,15322.0,63.0,44796.0,7381.0,68064.0,764.0,3380.0,6683.0
2000,South Carolina,25122.0,1044.0,40215.0,300.0,126481.0,15952.0,183692.0,2525.0,6280.0,34227.0
2000,South Dakota,161.0,21.0,675.0,3.0,2083.0,142.0,2921.0,40.0,15.0,219.0
2000,Tennessee,23821.0,1300.0,43812.0,314.0,128930.0,20951.0,194993.0,2323.0,6304.0,32762.0
2000,Texas,3305.0,289.0,11424.0,50.0,44716.0,4799.0,61228.0,1353.0,1447.0,6155.0
2000,Utah,1502.0,259.0,6084.0,31.0,36843.0,3090.0,46276.0,748.0,383.0,2664.0
2000,Virginia,11570.0,1537.0,29190.0,376.0,163412.0,17417.0,211556.0,2711.0,6151.0,20808.0
2000,Vermont,364.0,99.0,2822.0,8.0,9782.0,673.0,13376.0,107.0,78.0,557.0
2000,West Virginia,4388.0,446.0,9339.0,59.0,27386.0,3284.0,40455.0,528.0,693.0,5668.0
2001,Arkansas,333.0,5.0,720.0,1.0,3123.0,287.0,4135.0,18.0,75.0,427.0
2001,Colorado,4437.0,711.0,12257.0,65.0,57330.0,9002.0,79300.0,930.0,1403.0,6835.0
2001,Connecticut,2094.0,179.0,5214.0,31.0,24507.0,3817.0,33717.0,288.0,1338.0,3751.0
2001,DC,107.0,,3.0,1.0,893.0,476.0,1372.0,1.0,114.0,223.0
2001,Delaware,3357.0,434.0,5342.0,29.0,20449.0,2835.0,29060.0,504.0,1179.0,5069.0
2001,Iowa,5787.0,606.0,15923.0,49.0,63979.0,5437.0,85945.0,900.0,1128.0,7864.0
2001,Idaho,2497.0,289.0,7025.0,30.0,27881.0,2395.0,37590.0,501.0,241.0,3269.0
2001,Illinois,,,,,,,,5.0,,5.0
2001,Kansas,4019.0,741.0,10335.0,46.0,44332.0,3584.0,58992.0,843.0,564.0,5472.0
2001,Kentucky,526.0,35.0,1018.0,5.0,3870.0,378.0,5301.0,79.0,86.0,696.0
2001,Massachusetts,11675.0,662.0,16038.0,60.0,51603.0,8792.0,77095.0,1005.0,1825.0,14565.0
2001,Michigan,19114.0,2310.0,47282.0,225.0,172626.0,24762.0,246980.0,6225.0,4324.0,29888.0
2001,North Dakota,198.0,94.0,1538.0,8.0,8607.0,829.0,11068.0,173.0,46.0,425.0
2001,Nebraska,175.0,,,3.0,,466.0,466.0,63.0,,241.0
2001,Ohio,3415.0,774.0,21849.0,122.0,60852.0,10459.0,93934.0,990.0,4481.0,9008.0
2001,South Carolina,23586.0,957.0,39483.0,329.0,118404.0,15835.0,174679.0,2279.0,5555.0,31749.0
2001,South Dakota,166.0,19.0,886.0,4.0,2840.0,180.0,3925.0,64.0,36.0,270.0
2001,Tennessee,30153.0,1736.0,59552.0,419.0,167640.0,27685.0,256613.0,2860.0,10257.0,43689.0
2001,Texas,5055.0,405.0,16728.0,74.0,63490.0,7114.0,87737.0,1511.0,2086.0,8726.0
2001,Utah,2034.0,329.0,8165.0,56.0,48009.0,4824.0,61327.0,896.0,792.0,3778.0
2001,Virginia,11471.0,1810.0,30199.0,356.0,171526.0,18243.0,221778.0,2843.0,6599.0,21269.0
2001,Vermont,372.0,86.0,2624.0,7.0,10052.0,702.0,13464.0,87.0,84.0,550.0
2001,West Virginia,3686.0,409.0,8578.0,40.0,25994.0,3169.0,38150.0,507.0,612.0,4845.0
2002,Arkansas,346.0,15.0,1073.0,3.0,2852.0,311.0,4251.0,25.0,96.0,470.0
2002,Colorado,4911.0,802.0,14059.0,75.0,59786.0,10564.0,85211.0,1106.0,1532.0,7624.0
2002,Connecticut,1830.0,151.0,5707.0,20.0,24835.0,3604.0,34297.0,345.0,1253.0,3448.0
2002,DC,107.0,3.0,3.0,1.0,921.0,453.0,1380.0,1.0,103.0,212.0
2002,Delaware,3400.0,342.0,5630.0,30.0,19449.0,3209.0,28630.0,442.0,1326.0,5198.0
2002,Iowa,6236.0,642.0,17464.0,46.0,67846.0,5810.0,91762.0,1040.0,1153.0,8475.0
2002,Idaho,2653.0,333.0,7429.0,36.0,29422.0,2654.0,39838.0,668.0,241.0,3598.0
2002,Illinois,3.0,,1.0,1.0,6.0,,7.0,12.0,1.0,17.0
2002,Kansas,4210.0,719.0,10864.0,39.0,43432.0,3625.0,58640.0,897.0,565.0,5711.0
2002,Kentucky,458.0,40.0,1603.0,10.0,6111.0,490.0,8244.0,91.0,115.0,674.0
2002,Massachusetts,11554.0,646.0,18644.0,61.0,54996.0,10507.0,84793.0,1087.0,2183.0,14885.0
2002,Michigan,21497.0,2272.0,50477.0,229.0,172091.0,23770.0,248610.0,6605.0,4745.0,33076.0
2002,North Dakota,208.0,77.0,1708.0,2.0,8858.0,821.0,11464.0,173.0,37.0,420.0
2002,Nebraska,260.0,,,7.0,,805.0,805.0,130.0,,397.0
2002,New Hampshire,35.0,12.0,299.0,,1644.0,80.0,2035.0,41.0,20.0,96.0
2002,Ohio,3834.0,855.0,26156.0,179.0,70926.0,11352.0,109289.0,1321.0,5112.0,10446.0
2002,South Carolina,26243.0,749.0,43620.0,306.0,126264.0,17175.0,187808.0,2764.0,5888.0,35201.0
2002,South Dakota,251.0,32.0,1034.0,5.0,3293.0,246.0,4605.0,95.0,22.0,373.0
2002,Tennessee,29578.0,1552.0,61250.0,426.0,165096.0,26366.0,254264.0,3015.0,9535.0,42554.0
2002,Texas,5632.0,423.0,18877.0,71.0,74190.0,7722.0,101212.0,1776.0,2446.0,9925.0
2002,Utah,2574.0,346.0,11501.0,36.0,62558.0,7078.0,81483.0,1105.0,990.0,4705.0
2002,Virginia,11862.0,1785.0,30792.0,384.0,178391.0,18713.0,229681.0,2935.0,6873.0,22054.0
2002,Vermont,415.0,100.0,3227.0,13.0,9637.0,720.0,13684.0,123.0,68.0,619.0
2002,West Virginia,3007.0,534.0,8689.0,76.0,24921.0,3440.0,37584.0,506.0,590.0,4179.0
2003,Arkansas,2359.0,224.0,7845.0,43.0,14809.0,1096.0,23974.0,371.0,364.0,3137.0
2003,Colorado,4755.0,785.0,14692.0,76.0,61934.0,10238.0,87649.0,1135.0,1585.0,7551.0
2003,Connecticut,1667.0,154.0,5513.0,28.0,24384.0,3431.0,33482.0,321.0,1419.0,3435.0
2003,DC,114.0,,,1.0,768.0,368.0,1136.0,3.0,105.0,223.0
2003,Delaware,3818.0,365.0,6175.0,21.0,19789.0,2963.0,29292.0,444.0,1450.0,5733.0
2003,Iowa,6014.0,611.0,16794.0,50.0,64044.0,5588.0,87037.0,988.0,1121.0,8173.0
2003,Idaho,2541.0,324.0,7588.0,26.0,29733.0,2664.0,40309.0,630.0,243.0,3440.0
2003,Illinois,3.0,,,,4.0,,4.0,2.0,2.0,7.0
2003,Kansas,5218.0,817.0,14883.0,74.0,55442.0,4393.0,75535.0,1040.0,944.0,7276.0
2003,Kentucky,495.0,42.0,1594.0,10.0,6314.0,486.0,8436.0,121.0,111.0,737.0
2003,Louisiana,456.0,16.0,1127.0,18.0,3697.0,395.0,5235.0,56.0,68.0,598.0
2003,Massachusetts,10906.0,653.0,19666.0,63.0,61022.0,11862.0,93203.0,1247.0,2996.0,15212.0
2003,Maine,,,,,1.0,,1.0,,,
2003,Michigan,20005.0,2158.0,48818.0,203.0,170738.0,25925.0,247639.0,6389.0,4739.0,31336.0
2003,North Dakota,228.0,65.0,1457.0,6.0,7967.0,857.0,10346.0,167.0,34.0,435.0
2003,Nebraska,360.0,,,4.0,,786.0,786.0,188.0,,552.0
2003,New Hampshire,516.0,206.0,2432.0,7.0,11629.0,954.0,15221.0,387.0,151.0,1061.0
2003,Ohio,3832.0,821.0,28506.0,171.0,83191.0,12127.0,124645.0,1503.0,5093.0,10599.0
2003,Oregon,58.0,17.0,423.0,3.0,1001.0,162.0,1603.0,45.0,26.0,132.0
2003,South Carolina,25503.0,874.0,43846.0,302.0,130839.0,16393.0,191952.0,2634.0,5847.0,34286.0
2003,South Dakota,276.0,31.0,1192.0,4.0,3554.0,305.0,5082.0,97.0,21.0,398.0
2003,Tennessee,28626.0,1569.0,63359.0,398.0,169957.0,26260.0,261145.0,2819.0,9474.0,41317.0
2003,Texas,4548.0,314.0,15635.0,82.0,56736.0,5792.0,78477.0,1308.0,1710.0,7648.0
2003,Utah,2731.0,298.0,11485.0,49.0,59901.0,6769.0,78453.0,1171.0,1106.0,5057.0
2003,Virginia,11398.0,1602.0,28702.0,415.0,167378.0,18145.0,215827.0,2881.0,6762.0,21456.0
2003,Vermont,486.0,85.0,2787.0,15.0,9110.0,642.0,12624.0,127.0,61.0,689.0
2003,West Virginia,3114.0,583.0,9044.0,65.0,25155.0,3050.0,37832.0,494.0,617.0,4290.0
2004,Arkansas,4879.0,335.0,15190.0,75.0,38663.0,3120.0,57308.0,758.0,876.0,6588.0
2004,Arizona,135.0,14.0,492.0,,1139.0,191.0,1836.0,14.0,15.0,164.0
2004,Colorado,5736.0,666.0,15822.0,75.0,66457.0,11480.0,94425.0,1408.0,1570.0,8789.0
2004,Connecticut,1664.0,259.0,6047.0,39.0,27382.0,3491.0,37179.0,430.0,1107.0,3240.0
2004,DC,105.0,,1.0,,797.0,297.0,1095.0,6.0,145.0,256.0
2004,Delaware,3460.0,366.0,5803.0,28.0,20165.0,2231.0,28565.0,421.0,1350.0,5259.0
2004,Georgia,73.0,2.0,166.0,2.0,393.0,158.0,719.0,6.0,69.0,150.0
2004,Iowa,6341.0,635.0,17237.0,44.0,61591.0,5656.0,85119.0,959.0,1140.0,8484.0
2004,Idaho,2593.0,306.0,7424.0,31.0,28728.0,2781.0,39239.0,781.0,242.0,3647.0
2004,Illinois,1.0,,5.0,1.0,2.0,1.0,8.0,2.0,,4.0
2004,Kansas,5586.0,794.0,14478.0,75.0,57026.0,4745.0,77043.0,1090.0,1086.0,7837.0
2004,Kentucky,507.0,37.0,1517.0,18.0,6341.0,448.0,8343.0,136.0,122.0,783.0
2004,Louisiana,1890.0,41.0,2099.0,21.0,7788.0,945.0,10873.0,146.0,138.0,2195.0
2004,Massachusetts,12703.0,595.0,22342.0,89.0,65423.0,12272.0,100632.0,1458.0,3429.0,17679.0
2004,Maine,5.0,3.0,103.0,,419.0,29.0,554.0,5.0,3.0,13.0
2004,Michigan,22075.0,1958.0,49309.0,245.0,170997.0,25098.0,247362.0,6883.0,5652.0,34855.0
2004,North Dakota,279.0,67.0,1755.0,7.0,8520.0,843.0,11185.0,187.0,34.0,507.0
2004,Nebraska,454.0,,,11.0,,768.0,768.0,232.0,,697.0
2004,New Hampshire,711.0,190.0,2910.0,9.0,12300.0,1063.0,16463.0,447.0,158.0,1325.0
2004,Ohio,8545.0,1420.0,54550.0,339.0,148530.0,27083.0,231583.0,2936.0,12342.0,24162.0
2004,Oregon,1554.0,270.0,5154.0,17.0,24921.0,3015.0,33360.0,365.0,326.0,2262.0
2004,Rhode Island,69.0,7.0,155.0,5.0,273.0,192.0,627.0,27.0,34.0,135.0
2004,South Carolina,25718.0,1111.0,43425.0,285.0,134601.0,16227.0,195364.0,2513.0,5508.0,34024.0
2004,South Dakota,288.0,23.0,1095.0,9.0,3364.0,283.0,4765.0,105.0,19.0,421.0
2004,Tennessee,29783.0,1508.0,60571.0,356.0,172651.0,24756.0,259486.0,3043.0,8928.0,42110.0
2004,Texas,4595.0,250.0,15454.0,65.0,56721.0,5650.0,78075.0,1332.0,1639.0,7631.0
2004,Utah,2742.0,247.0,10501.0,41.0,59563.0,6789.0,77100.0,1201.0,1051.0,5035.0
2004,Virginia,11352.0,1651.0,27945.0,391.0,157214.0,17608.0,204418.0,2846.0,6879.0,21468.0
2004,Vermont,448.0,98.0,3272.0,16.0,10234.0,600.0,14204.0,183.0,76.0,723.0
2004,Wisconsin,14.0,1.0,36.0,,496.0,31.0,564.0,42.0,2.0,58.0
2004,West Virginia,3638.0,577.0,10006.0,66.0,29279.0,3484.0,43346.0,579.0,710.0,4993.0
2005,Arkansas,5706.0,427.0,17964.0,106.0,47029.0,4025.0,69445.0,923.0,1127.0,7862.0
2005,Arizona,254.0,8.0,679.0,2.0,1687.0,355.0,2729.0,24.0,9.0,289.0
2005,Colorado,9572.0,960.0,25609.0,144.0,91678.0,21745.0,139992.0,2031.0,3339.0,15086.0
2005,Connecticut,1520.0,263.0,5916.0,45.0,27183.0,3367.0,36729.0,476.0,1000.0,3041.0
2005,DC,121.0,,5.0,,680.0,259.0,944.0,2.0,198.0,321.0
2005,Delaware,3810.0,385.0,6070.0,41.0,19239.0,2351.0,28045.0,464.0,1367.0,5682.0
2005,Georgia,52.0,3.0,178.0,,368.0,148.0,697.0,8.0,63.0,123.0
2005,Iowa,6575.0,597.0,17650.0,40.0,61076.0,5614.0,84937.0,1055.0,1151.0,8821.0
2005,Idaho,2798.0,284.0,7752.0,41.0,27834.0,2953.0,38823.0,715.0,262.0,3816.0
2005,Illinois,2.0,,1.0,,5.0,,6.0,2.0,,4.0
2005,Kansas,5651.0,727.0,12956.0,49.0,49869.0,4691.0,68243.0,1009.0,919.0,7628.0
2005,Kentucky,458.0,41.0,1407.0,9.0,6056.0,460.0,7964.0,152.0,129.0,748.0
2005,Louisiana,2503.0,51.0,2450.0,18.0,8964.0,1009.0,12474.0,133.0,196.0,2850.0
2005,Massachusetts,14126.0,624.0,23753.0,90.0,67668.0,11153.0,103198.0,1570.0,3717.0,19503.0
2005,Maine,65.0,12.0,449.0,,2732.0,136.0,3329.0,35.0,32.0,132.0
2005,Michigan,36811.0,3225.0,69700.0,648.0,194030.0,48583.0,315538.0,7691.0,13360.0,58510.0
2005,Montana,1900.0,158.0,3312.0,19.0,22509.0,1821.0,27800.0,326.0,176.0,2421.0
2005,North Dakota,404.0,69.0,1774.0,11.0,8808.0,1037.0,11688.0,203.0,47.0,665.0
2005,Nebraska,357.0,,,3.0,,719.0,719.0,253.0,,613.0
2005,New Hampshire,768.0,257.0,2985.0,14.0,14130.0,1002.0,18374.0,462.0,200.0,1444.0
2005,Ohio,8809.0,1481.0,58206.0,460.0,155458.0,28852.0,243997.0,3103.0,13473.0,25845.0
2005,Oregon,1579.0,213.0,5581.0,18.0,25401.0,3174.0,34369.0,362.0,356.0,2315.0
2005,Rhode Island,919.0,218.0,3470.0,14.0,14581.0,2179.0,20448.0,321.0,350.0,1604.0
2005,South Carolina,24835.0,1161.0,42404.0,316.0,130522.0,16963.0,191050.0,2581.0,5708.0,33440.0
2005,South Dakota,223.0,29.0,820.0,9.0,2770.0,272.0,3891.0,100.0,14.0,346.0
2005,Tennessee,32588.0,1463.0,61370.0,430.0,171494.0,24634.0,258961.0,2932.0,10072.0,46022.0
2005,Texas,6827.0,316.0,18872.0,85.0,72277.0,8570.0,100035.0,1843.0,2020.0,10775.0
2005,Utah,2915.0,298.0,10903.0,45.0,58745.0,7758.0,77704.0,1171.0,917.0,5048.0
2005,Virginia,11698.0,1682.0,30194.0,458.0,157932.0,16419.0,206227.0,2783.0,7495.0,22434.0
2005,Vermont,522.0,82.0,3070.0,8.0,10527.0,665.0,14344.0,178.0,72.0,780.0
2005,Washington,1.0,,,,2.0,2.0,4.0,,,1.0
2005,Wisconsin,2838.0,266.0,4866.0,122.0,22688.0,6674.0,34494.0,448.0,2952.0,6360.0
2005,West Virginia,3472.0,459.0,10390.0,78.0,31162.0,3618.0,45629.0,603.0,770.0,4923.0
2006,Alabama,31.0,5.0,305.0,2.0,1920.0,156.0,2386.0,18.0,82.0,133.0
2006,Arkansas,6246.0,409.0,20233.0,107.0,48209.0,4007.0,72858.0,1012.0,1263.0,8628.0
2006,Arizona,225.0,22.0,623.0,2.0,2142.0,406.0,3193.0,26.0,32.0,285.0
2006,Colorado,10304.0,1034.0,24927.0,130.0,85272.0,18162.0,129395.0,2269.0,3359.0,16062.0
2006,Connecticut,1337.0,254.0,5602.0,35.0,26278.0,2744.0,34878.0,393.0,942.0,2707.0
2006,DC,135.0,1.0,7.0,,777.0,264.0,1049.0,3.0,225.0,363.0
2006,Delaware,3864.0,384.0,6559.0,42.0,21525.0,2832.0,31300.0,499.0,1799.0,6204.0
2006,Georgia,76.0,1.0,142.0,,303.0,130.0,576.0,8.0,81.0,165.0
2006,Iowa,6170.0,714.0,17625.0,54.0,60953.0,5121.0,84413.0,1085.0,1299.0,8608.0
2006,Idaho,2685.0,273.0,7176.0,32.0,25335.0,2512.0,35296.0,767.0,295.0,3779.0
2006,Illinois,1147.0,24.0,2967.0,19.0,7723.0,864.0,11578.0,148.0,552.0,1866.0
2006,Kansas,6751.0,773.0,13881.0,67.0,54155.0,5032.0,73841.0,1190.0,991.0,8999.0
2006,Kentucky,358.0,59.0,1887.0,14.0,7142.0,575.0,9663.0,179.0,178.0,729.0
2006,Louisiana,2353.0,79.0,2363.0,35.0,8620.0,1021.0,12083.0,162.0,186.0,2736.0
2006,Massachusetts,14250.0,664.0,24948.0,81.0,71095.0,11334.0,108041.0,1571.0,3918.0,19820.0
2006,Maine,74.0,9.0,716.0,2.0,2880.0,145.0,3750.0,50.0,28.0,154.0
2006,Michigan,36691.0,3234.0,75127.0,720.0,199245.0,49478.0,327084.0,7907.0,14208.0,59526.0
2006,Missouri,6.0,,27.0,1.0,152.0,29.0,208.0,3.0,1.0,11.0
2006,Montana,2005.0,241.0,2881.0,20.0,20892.0,1727.0,25741.0,343.0,167.0,2535.0
2006,North Dakota,510.0,96.0,2064.0,7.0,8480.0,973.0,11613.0,239.0,69.0,825.0
2006,Nebraska,320.0,,,6.0,,742.0,742.0,238.0,,564.0
2006,New Hampshire,833.0,258.0,3123.0,8.0,15636.0,1068.0,20085.0,439.0,241.0,1521.0
2006,Ohio,9289.0,1934.0,65277.0,413.0,167071.0,26756.0,261038.0,3254.0,14304.0,27260.0
2006,Oregon,1771.0,354.0,6272.0,24.0,29261.0,3115.0,39002.0,543.0,413.0,2751.0
2006,Rhode Island,877.0,202.0,3676.0,16.0,13916.0,1938.0,19732.0,322.0,362.0,1577.0
2006,South Carolina,25320.0,1310.0,42871.0,361.0,129606.0,17052.0,190839.0,2410.0,5951.0,34042.0
2006,South Dakota,711.0,69.0,2209.0,11.0,7974.0,600.0,10852.0,337.0,88.0,1147.0
2006,Tennessee,32432.0,1419.0,63066.0,419.0,166786.0,22605.0,253876.0,2966.0,11209.0,47026.0
2006,Texas,10064.0,566.0,28729.0,135.0,100363.0,13188.0,142846.0,2438.0,3827.0,16464.0
2006,Utah,3011.0,347.0,11307.0,46.0,55095.0,7791.0,74540.0,1178.0,1104.0,5339.0
2006,Virginia,11702.0,1742.0,31801.0,404.0,146630.0,15023.0,195196.0,2892.0,7764.0,22762.0
2006,Vermont,602.0,115.0,3381.0,14.0,10838.0,646.0,14980.0,207.0,115.0,938.0
2006,Washington,51.0,10.0,268.0,,964.0,48.0,1290.0,24.0,3.0,78.0
2006,Wisconsin,4092.0,352.0,6558.0,105.0,28174.0,8453.0,43537.0,530.0,3636.0,8363.0
2006,West Virginia,3536.0,462.0,10559.0,75.0,30868.0,3753.0,45642.0,688.0,810.0,5109.0
2007,Alabama,33.0,1.0,372.0,,1914.0,159.0,2446.0,25.0,72.0,130.0
2007,Arkansas,6508.0,435.0,21866.0,111.0,52367.0,4249.0,78917.0,1030.0,1445.0,9094.0
2007,Arizona,183.0,21.0,633.0,10.0,2445.0,446.0,3545.0,40.0,49.0,282.0
2007,Colorado,9245.0,876.0,22087.0,129.0,76285.0,14716.0,113964.0,2158.0,2963.0,14495.0
2007,Connecticut,2233.0,267.0,7083.0,47.0,29708.0,3529.0,40587.0,493.0,1494.0,4267.0
2007,DC,119.0,,5.0,,926.0,294.0,1225.0,,280.0,399.0
2007,Delaware,4101.0,312.0,6604.0,39.0,21541.0,2336.0,30793.0,397.0,1778.0,6315.0
2007,Georgia,41.0,2.0,113.0,2.0,233.0,97.0,445.0,5.0,53.0,101.0
2007,Iowa,6494.0,635.0,16601.0,39.0,56924.0,5010.0,79170.0,1218.0,1313.0,9064.0
2007,Idaho,2762.0,345.0,6826.0,49.0,24918.0,2358.0,34447.0,746.0,236.0,3793.0
2007,Illinois,1366.0,85.0,2694.0,22.0,6288.0,733.0,9800.0,143.0,639.0,2170.0
2007,Kansas,6876.0,767.0,14558.0,69.0,53125.0,5330.0,73780.0,1293.0,1082.0,9320.0
2007,Kentucky,295.0,55.0,1499.0,11.0,6359.0,463.0,8376.0,126.0,176.0,608.0
2007,Louisiana,2690.0,54.0,2826.0,43.0,10265.0,1131.0,14276.0,172.0,219.0,3124.0
2007,Massachusetts,14752.0,677.0,27854.0,105.0,79949.0,10398.0,118878.0,1492.0,3995.0,20344.0
2007,Maine,162.0,43.0,1301.0,3.0,5459.0,253.0,7056.0,119.0,83.0,367.0
2007,Michigan,35078.0,2983.0,73418.0,657.0,190084.0,42245.0,308730.0,6825.0,13323.0,55883.0
2007,Missouri,49.0,1.0,122.0,,518.0,47.0,688.0,11.0,2.0,62.0
2007,Montana,2233.0,236.0,2988.0,14.0,21915.0,1774.0,26913.0,338.0,197.0,2782.0
2007,North Dakota,614.0,86.0,1968.0,12.0,8399.0,868.0,11321.0,242.0,67.0,935.0
2007,Nebraska,361.0,,,10.0,,715.0,715.0,203.0,,574.0
2007,New Hampshire,863.0,245.0,3578.0,7.0,15539.0,1021.0,20383.0,410.0,236.0,1516.0
2007,Ohio,9711.0,2036.0,65183.0,412.0,168816.0,24937.0,260972.0,3414.0,13758.0,27295.0
2007,Oregon,1749.0,319.0,5876.0,19.0,26990.0,3019.0,36204.0,568.0,418.0,2754.0
2007,Rhode Island,1401.0,225.0,5225.0,19.0,19370.0,3275.0,28095.0,352.0,761.0,2533.0
2007,South Carolina,26256.0,1358.0,44670.0,364.0,131184.0,17594.0,194806.0,2413.0,6396.0,35429.0
2007,South Dakota,793.0,95.0,2094.0,14.0,8931.0,687.0,11807.0,334.0,106.0,1247.0
2007,Tennessee,32947.0,1322.0,61733.0,404.0,171711.0,21762.0,256528.0,2991.0,11105.0,47447.0
2007,Texas,9741.0,480.0,29573.0,137.0,99464.0,11077.0,140594.0,2351.0,4096.0,16325.0
2007,Utah,3452.0,315.0,12897.0,52.0,59308.0,8737.0,81257.0,1274.0,1345.0,6123.0
2007,Virginia,11223.0,1673.0,31801.0,415.0,149004.0,14359.0,196837.0,2817.0,7721.0,22176.0
2007,Vermont,568.0,79.0,3108.0,13.0,10775.0,637.0,14599.0,158.0,80.0,819.0
2007,Washington,2708.0,256.0,7393.0,25.0,23180.0,6925.0,37754.0,438.0,1084.0,4255.0
2007,Wisconsin,4539.0,423.0,7158.0,106.0,29649.0,8099.0,45329.0,621.0,3595.0,8861.0
2007,West Virginia,3463.0,463.0,9764.0,61.0,29607.0,3260.0,43094.0,672.0,807.0,5003.0
2008,Alabama,34.0,2.0,439.0,2.0,1765.0,121.0,2327.0,17.0,62.0,115.0
2008,Arkansas,7401.0,504.0,26014.0,102.0,60196.0,4761.0,91475.0,1409.0,1571.0,10483.0
2008,Arizona,190.0,29.0,929.0,4.0,2248.0,416.0,3622.0,21.0,59.0,274.0
2008,Colorado,9572.0,1015.0,21904.0,134.0,76544.0,11698.0,111161.0,2323.0,2920.0,14949.0
2008,Connecticut,3004.0,287.0,8803.0,67.0,37841.0,4133.0,51064.0,526.0,1949.0,5546.0
2008,DC,98.0,,2.0,,1163.0,277.0,1442.0,3.0,276.0,377.0
2008,Delaware,4054.0,362.0,6951.0,57.0,23236.0,2527.0,33076.0,449.0,1861.0,6421.0
2008,Georgia,33.0,1.0,109.0,2.0,296.0,47.0,453.0,5.0,58.0,98.0
2008,Iowa,6288.0,604.0,15984.0,77.0,52432.0,4456.0,73476.0,1221.0,1243.0,8829.0
2008,Idaho,2675.0,247.0,6594.0,23.0,23782.0,1732.0,32355.0,712.0,237.0,3647.0
2008,Illinois,1491.0,58.0,2785.0,21.0,6511.0,819.0,10173.0,151.0,585.0,2248.0
2008,Kansas,6692.0,794.0,14320.0,75.0,49774.0,4663.0,69551.0,1235.0,978.0,8980.0
2008,Kentucky,285.0,45.0,1723.0,13.0,6997.0,406.0,9171.0,138.0,177.0,613.0
2008,Louisiana,2853.0,60.0,2777.0,32.0,10343.0,990.0,14170.0,170.0,215.0,3270.0
2008,Massachusetts,15965.0,682.0,29743.0,95.0,88003.0,9808.0,128236.0,1799.0,4161.0,22020.0
2008,Maine,182.0,47.0,1241.0,10.0,6254.0,271.0,7813.0,122.0,93.0,407.0
2008,Michigan,33022.0,2848.0,73351.0,554.0,183401.0,36013.0,295613.0,6799.0,13207.0,53582.0
2008,Missouri,18.0,2.0,41.0,,172.0,7.0,222.0,4.0,2.0,24.0
2008,Montana,1996.0,171.0,3285.0,29.0,20940.0,1604.0,26000.0,351.0,176.0,2552.0
2008,North Dakota,744.0,88.0,1987.0,2.0,9016.0,843.0,11934.0,287.0,72.0,1105.0
2008,Nebraska,409.0,,,11.0,,660.0,660.0,278.0,,698.0
2008,New Hampshire,1154.0,294.0,3839.0,13.0,20600.0,1296.0,26029.0,486.0,401.0,2054.0
2008,Ohio,10226.0,2022.0,70798.0,391.0,175107.0,21793.0,269720.0,3439.0,14370.0,28426.0
2008,Oklahoma,844.0,145.0,2751.0,17.0,6226.0,754.0,9876.0,188.0,76.0,1125.0
2008,Oregon,1561.0,346.0,5444.0,21.0,25190.0,2248.0,33228.0,497.0,413.0,2492.0
2008,Rhode Island,1450.0,201.0,5791.0,31.0,21100.0,3264.0,30356.0,383.0,883.0,2747.0
2008,South Carolina,24113.0,1106.0,45152.0,306.0,129782.0,17834.0,193874.0,2259.0,6583.0,33261.0
2008,South Dakota,969.0,112.0,2230.0,24.0,9641.0,704.0,12687.0,475.0,115.0,1583.0
2008,Tennessee,31740.0,1282.0,64691.0,412.0,169350.0,19145.0,254468.0,2902.0,10835.0,45889.0
2008,Texas,8693.0,473.0,28278.0,131.0,90187.0,8587.0,127525.0,2163.0,3883.0,14870.0
2008,Utah,3344.0,283.0,11950.0,36.0,61103.0,7174.0,80510.0,1232.0,1336.0,5948.0
2008,Virginia,10485.0,1518.0,32057.0,370.0,154802.0,13572.0,201949.0,2817.0,7503.0,21175.0
2008,Vermont,613.0,87.0,3466.0,17.0,11892.0,609.0,16054.0,155.0,93.0,878.0
2008,Washington,2803.0,230.0,7609.0,35.0,25093.0,5562.0,38494.0,456.0,1119.0,4413.0
2008,Wisconsin,4595.0,385.0,8430.0,74.0,33794.0,7080.0,49689.0,588.0,3332.0,8589.0
2008,West Virginia,3421.0,372.0,10025.0,64.0,30167.0,2970.0,43534.0,754.0,838.0,5077.0
2009,Alabama,33.0,1.0,439.0,2.0,1764.0,87.0,2291.0,12.0,44.0,91.0
2009,Arkansas,10352.0,615.0,32819.0,173.0,77050.0,6022.0,116506.0,1638.0,2548.0,14711.0
2009,Arizona,287.0,51.0,1716.0,10.0,4841.0,497.0,7105.0,51.0,80.0,428.0
2009,Colorado,9726.0,871.0,21733.0,125.0,77781.0,11481.0,111866.0,2571.0,3057.0,15479.0
2009,Connecticut,2916.0,221.0,8647.0,41.0,35672.0,3526.0,48066.0,508.0,1969.0,5434.0
2009,DC,95.0,,,1.0,1280.0,236.0,1516.0,,406.0,502.0
2009,Delaware,3765.0,308.0,7152.0,41.0,21977.0,1892.0,31329.0,449.0,1691.0,5946.0
2009,Iowa,6238.0,562.0,15871.0,38.0,49976.0,3976.0,70385.0,1159.0,1188.0,8623.0
2009,Idaho,2818.0,240.0,6446.0,22.0,23238.0,1550.0,31474.0,767.0,251.0,3858.0
2009,Illinois,1342.0,39.0,2328.0,23.0,5916.0,498.0,8781.0,139.0,600.0,2104.0
2009,Kansas,6572.0,790.0,13644.0,76.0,45910.0,3760.0,64104.0,1205.0,1004.0,8857.0
2009,Kentucky,1895.0,482.0,17226.0,94.0,40449.0,3316.0,61473.0,1663.0,1223.0,4875.0
2009,Louisiana,1969.0,38.0,2867.0,28.0,9646.0,880.0,13431.0,192.0,193.0,2382.0
2009,Massachusetts,16476.0,701.0,29487.0,107.0,90508.0,9070.0,129766.0,1740.0,4622.0,22945.0
2009,Maine,163.0,40.0,1099.0,4.0,5936.0,203.0,7278.0,108.0,108.0,383.0
2009,Michigan,32164.0,2675.0,74947.0,620.0,177469.0,29906.0,284997.0,6562.0,12400.0,51746.0
2009,Missouri,224.0,14.0,226.0,4.0,1231.0,63.0,1534.0,29.0,22.0,279.0
2009,Mississippi,2.0,1.0,159.0,2.0,303.0,81.0,544.0,1.0,11.0,16.0
2009,Montana,1922.0,162.0,3330.0,27.0,19881.0,1450.0,24823.0,355.0,214.0,2518.0
2009,North Dakota,768.0,71.0,2149.0,9.0,8756.0,871.0,11847.0,263.0,103.0,1143.0
2009,Nebraska,391.0,,,1.0,,647.0,647.0,249.0,,641.0
2009,New Hampshire,1181.0,247.0,4506.0,11.0,21285.0,1055.0,27093.0,506.0,432.0,2130.0
2009,Ohio,10675.0,1905.0,73787.0,413.0,180405.0,17773.0,273870.0,3307.0,13914.0,28309.0
2009,Oklahoma,1118.0,148.0,3285.0,11.0,6960.0,826.0,11219.0,207.0,123.0,1459.0
2009,Oregon,1652.0,303.0,5184.0,24.0,23295.0,2121.0,30903.0,516.0,366.0,2558.0
2009,Rhode Island,1586.0,233.0,5735.0,32.0,19578.0,2439.0,27985.0,417.0,785.0,2820.0
2009,South Carolina,23147.0,850.0,44617.0,304.0,121713.0,14149.0,181329.0,2244.0,5770.0,31465.0
2009,South Dakota,766.0,71.0,2255.0,18.0,10654.0,766.0,13746.0,457.0,106.0,1347.0
2009,Tennessee,29974.0,1240.0,63695.0,468.0,160792.0,15133.0,240860.0,2774.0,9709.0,42925.0
2009,Texas,8019.0,443.0,30137.0,117.0,91566.0,7873.0,130019.0,2066.0,3482.0,13684.0
2009,Utah,3282.0,304.0,12633.0,33.0,60426.0,6650.0,80013.0,1167.0,1205.0,5687.0
2009,Virginia,9958.0,1357.0,31679.0,369.0,153436.0,12035.0,198507.0,2529.0,6345.0,19201.0
2009,Vermont,583.0,77.0,3389.0,8.0,11161.0,466.0,15093.0,159.0,112.0,862.0
2009,Washington,2807.0,196.0,8339.0,34.0,26384.0,4028.0,38947.0,478.0,1259.0,4578.0
2009,Wisconsin,4120.0,438.0,9717.0,89.0,38007.0,5582.0,53744.0,651.0,3310.0,8170.0
2009,West Virginia,3733.0,371.0,10698.0,77.0,28823.0,2572.0,42464.0,758.0,849.0,5417.0
2010,Alabama,24.0,2.0,398.0,1.0,1677.0,110.0,2187.0,4.0,47.0,76.0
2010,Arkansas,10538.0,637.0,30917.0,132.0,74501.0,5577.0,111632.0,1636.0,2340.0,14646.0
2010,Arizona,270.0,46.0,1512.0,11.0,4777.0,369.0,6704.0,56.0,83.0,420.0
2010,Colorado,9563.0,889.0,22298.0,110.0,82351.0,10607.0,116145.0,2485.0,2940.0,15098.0
2010,Connecticut,2799.0,257.0,8599.0,59.0,35800.0,3198.0,47854.0,497.0,1730.0,5085.0
2010,DC,147.0,,5.0,,1475.0,190.0,1670.0,7.0,412.0,566.0
2010,Delaware,3544.0,301.0,7718.0,51.0,22832.0,1964.0,32815.0,388.0,1855.0,5838.0
2010,Iowa,6073.0,484.0,16049.0,39.0,47947.0,3885.0,68365.0,1088.0,1009.0,8209.0
2010,Idaho,2513.0,230.0,6294.0,22.0,23611.0,1386.0,31521.0,685.0,212.0,3432.0
2010,Illinois,1657.0,90.0,2328.0,23.0,5207.0,483.0,8108.0,149.0,498.0,2327.0
2010,Kansas,6410.0,659.0,14158.0,57.0,46194.0,3893.0,64904.0,1204.0,939.0,8610.0
2010,Kentucky,1829.0,415.0,18279.0,103.0,42565.0,3465.0,64724.0,1696.0,1390.0,5018.0
2010,Louisiana,1877.0,35.0,4094.0,32.0,13183.0,1081.0,18393.0,250.0,221.0,2380.0
2010,Massachusetts,17086.0,651.0,31820.0,131.0,89027.0,8655.0,130153.0,1924.0,4424.0,23565.0
2010,Maine,169.0,44.0,1242.0,2.0,6040.0,186.0,7512.0,102.0,111.0,384.0
2010,Michigan,31724.0,2980.0,73047.0,580.0,167256.0,27690.0,270973.0,6886.0,11468.0,50658.0
2010,Missouri,4223.0,389.0,8000.0,109.0,21695.0,3588.0,33672.0,478.0,1735.0,6545.0
2010,Mississippi,65.0,14.0,926.0,6.0,2671.0,159.0,3770.0,27.0,67.0,165.0
2010,Montana,2003.0,151.0,3333.0,23.0,20313.0,1474.0,25271.0,337.0,157.0,2520.0
2010,North Dakota,832.0,61.0,1769.0,8.0,8812.0,763.0,11405.0,259.0,85.0,1184.0
2010,Nebraska,416.0,,,9.0,,660.0,660.0,297.0,,722.0
2010,New Hampshire,1273.0,317.0,5119.0,14.0,21897.0,978.0,28311.0,534.0,440.0,2261.0
2010,Ohio,10229.0,1760.0,78125.0,412.0,184691.0,16631.0,281207.0,2960.0,13114.0,26715.0
2010,Oklahoma,1158.0,118.0,3338.0,21.0,7222.0,746.0,11424.0,183.0,120.0,1482.0
2010,Oregon,1823.0,328.0,5104.0,28.0,24432.0,1818.0,31682.0,526.0,395.0,2772.0
2010,Rhode Island,1605.0,240.0,6150.0,29.0,18634.0,2465.0,27489.0,421.0,784.0,2839.0
2010,South Carolina,21393.0,854.0,45660.0,268.0,123122.0,13504.0,183140.0,2205.0,4960.0,28826.0
2010,South Dakota,1022.0,63.0,2757.0,14.0,10982.0,745.0,14547.0,373.0,142.0,1551.0
2010,Tennessee,28161.0,1165.0,64150.0,358.0,156394.0,14619.0,236328.0,2940.0,8411.0,39870.0
2010,Texas,8071.0,362.0,27355.0,141.0,86449.0,7531.0,121697.0,1956.0,3077.0,13245.0
2010,Utah,3240.0,252.0,12236.0,47.0,58681.0,5826.0,76995.0,1208.0,1187.0,5682.0
2010,Virginia,9652.0,1247.0,30457.0,374.0,148912.0,10707.0,191323.0,2516.0,5698.0,18240.0
2010,Vermont,591.0,54.0,3209.0,7.0,10317.0,451.0,14031.0,159.0,75.0,832.0
2010,Washington,3004.0,237.0,10712.0,38.0,31751.0,4942.0,47642.0,588.0,1238.0,4868.0
2010,Wisconsin,5037.0,411.0,12263.0,117.0,45208.0,5614.0,63496.0,784.0,3465.0,9403.0
2010,West Virginia,3726.0,304.0,9234.0,57.0,24266.0,2065.0,35869.0,630.0,675.0,5088.0
2011,Alabama,17.0,2.0,422.0,,1669.0,109.0,2202.0,9.0,35.0,61.0
2011,Arkansas,10311.0,615.0,32867.0,159.0,81185.0,5865.0,120532.0,1613.0,2348.0,14431.0
2011,Arizona,227.0,33.0,1319.0,14.0,4249.0,299.0,5900.0,34.0,75.0,350.0
2011,Colorado,9056.0,938.0,22674.0,138.0,84897.0,10750.0,119259.0,2631.0,3160.0,14985.0
2011,Connecticut,2811.0,222.0,8685.0,64.0,35933.0,3172.0,48012.0,544.0,1809.0,5228.0
2011,DC,110.0,,1.0,,1241.0,118.0,1360.0,2.0,338.0,450.0
2011,Delaware,3382.0,292.0,7784.0,48.0,23049.0,1563.0,32688.0,387.0,1566.0,5383.0
2011,Iowa,5961.0,518.0,16713.0,45.0,50250.0,4076.0,71557.0,1115.0,815.0,7936.0
2011,Idaho,2436.0,222.0,6558.0,31.0,24653.0,1383.0,32816.0,598.0,184.0,3249.0
2011,Illinois,1437.0,70.0,1865.0,23.0,4984.0,548.0,7467.0,140.0,570.0,2170.0
2011,Kansas,6138.0,679.0,13694.0,63.0,46985.0,4434.0,65792.0,1162.0,863.0,8226.0
2011,Kentucky,2027.0,410.0,21670.0,90.0,50906.0,4032.0,77018.0,1882.0,1688.0,5687.0
2011,Louisiana,2075.0,72.0,5295.0,36.0,14602.0,975.0,20944.0,263.0,328.0,2702.0
2011,Massachusetts,15398.0,543.0,30694.0,107.0,86600.0,7821.0,125658.0,1758.0,4249.0,21512.0
2011,Maine,222.0,47.0,1717.0,5.0,6529.0,215.0,8508.0,112.0,113.0,452.0
2011,Michigan,28930.0,2678.0,69741.0,622.0,157831.0,25432.0,255682.0,6670.0,10416.0,46638.0
2011,Missouri,4112.0,340.0,7911.0,111.0,21403.0,3962.0,33616.0,521.0,1776.0,6520.0
2011,Mississippi,140.0,15.0,1387.0,12.0,3456.0,210.0,5068.0,46.0,133.0,331.0
2011,Montana,1966.0,149.0,3061.0,19.0,19288.0,1317.0,23815.0,373.0,155.0,2513.0
2011,North Dakota,1029.0,69.0,2095.0,13.0,9633.0,911.0,12708.0,250.0,91.0,1383.0
2011,Nebraska,343.0,,,10.0,,655.0,655.0,273.0,,626.0
2011,New Hampshire,1499.0,269.0,5481.0,17.0,22571.0,999.0,29320.0,556.0,465.0,2537.0
2011,Ohio,9773.0,1613.0,80383.0,400.0,187907.0,16570.0,286473.0,2900.0,12391.0,25464.0
2011,Oklahoma,1308.0,151.0,4335.0,26.0,9743.0,1036.0,15265.0,231.0,148.0,1713.0
2011,Oregon,1931.0,314.0,5688.0,37.0,27161.0,1804.0,34967.0,539.0,372.0,2879.0
2011,Rhode Island,1525.0,187.0,6836.0,20.0,18953.0,2429.0,28405.0,438.0,747.0,2730.0
2011,South Carolina,21321.0,989.0,46736.0,318.0,125811.0,14085.0,187621.0,2357.0,4652.0,28648.0
2011,South Dakota,972.0,109.0,2501.0,15.0,11216.0,840.0,14666.0,426.0,156.0,1569.0
2011,Tennessee,28554.0,1148.0,62458.0,384.0,156770.0,14310.0,234686.0,2957.0,8131.0,40026.0
2011,Texas,7792.0,386.0,26858.0,106.0,80147.0,6902.0,114293.0,1845.0,2722.0,12465.0
2011,Utah,3185.0,231.0,10465.0,45.0,56551.0,6127.0,73374.0,1237.0,1033.0,5500.0
2011,Virginia,8800.0,1180.0,30471.0,303.0,145122.0,9965.0,186738.0,2639.0,5444.0,17186.0
2011,Vermont,665.0,63.0,3759.0,11.0,10701.0,554.0,15077.0,165.0,98.0,939.0
2011,Washington,4615.0,520.0,19318.0,58.0,56853.0,7703.0,84394.0,1047.0,1542.0,7262.0
2011,Wisconsin,5165.0,405.0,12622.0,109.0,42209.0,5809.0,61045.0,864.0,3555.0,9693.0
2011,West Virginia,3815.0,261.0,9182.0,84.0,24035.0,1869.0,35347.0,620.0,720.0,5239.0
2012,Alabama,25.0,1.0,391.0,2.0,1720.0,89.0,2201.0,16.0,46.0,89.0
2012,Arkansas,10155.0,567.0,31908.0,173.0,81882.0,5948.0,120305.0,1597.0,2317.0,14242.0
2012,Arizona,341.0,37.0,1374.0,9.0,4042.0,342.0,5795.0,46.0,90.0,486.0
2012,Colorado,10201.0,902.0,25071.0,161.0,100064.0,12585.0,138622.0,2989.0,3352.0,16703.0
2012,Connecticut,2842.0,222.0,8636.0,80.0,36307.0,2883.0,48048.0,544.0,1759.0,5225.0
2012,DC,110.0,1.0,,,1393.0,116.0,1510.0,1.0,312.0,423.0
2012,Delaware,3409.0,226.0,7526.0,56.0,22966.0,1438.0,32156.0,408.0,1503.0,5376.0
2012,Iowa,5940.0,552.0,16256.0,49.0,48303.0,4116.0,69227.0,1133.0,952.0,8074.0
2012,Idaho,2508.0,238.0,6734.0,28.0,23271.0,1452.0,31695.0,650.0,236.0,3422.0
2012,Illinois,1488.0,81.0,2250.0,13.0,5212.0,436.0,7979.0,162.0,502.0,2165.0
2012,Kansas,6298.0,689.0,14006.0,52.0,49492.0,4617.0,68804.0,1220.0,900.0,8470.0
2012,Kentucky,2281.0,481.0,21842.0,137.0,56584.0,4545.0,83452.0,1787.0,2064.0,6269.0
2012,Louisiana,1372.0,24.0,4597.0,14.0,14270.0,882.0,19773.0,216.0,209.0,1811.0
2012,Massachusetts,14650.0,589.0,29494.0,60.0,86271.0,7082.0,123436.0,1776.0,4286.0,20772.0
2012,Maine,166.0,49.0,1776.0,6.0,6977.0,244.0,9046.0,146.0,132.0,450.0
2012,Michigan,29045.0,2408.0,63633.0,697.0,156842.0,25453.0,248336.0,6935.0,10397.0,47074.0
2012,Missouri,4530.0,332.0,8364.0,115.0,23370.0,4138.0,36204.0,549.0,1786.0,6980.0
2012,Mississippi,121.0,23.0,1607.0,4.0,3896.0,288.0,5814.0,56.0,151.0,332.0
2012,Montana,1997.0,187.0,3532.0,22.0,20823.0,1618.0,26160.0,422.0,200.0,2641.0
2012,North Dakota,1078.0,80.0,2212.0,14.0,10617.0,1106.0,14015.0,303.0,117.0,1512.0
2012,Nebraska,328.0,,,3.0,,723.0,723.0,319.0,,650.0
2012,New Hampshire,1453.0,316.0,5033.0,15.0,22893.0,966.0,29208.0,616.0,463.0,2547.0
2012,Ohio,9607.0,1683.0,74835.0,380.0,179127.0,15621.0,271266.0,3055.0,11844.0,24886.0
2012,Oklahoma,1893.0,241.0,7318.0,23.0,15956.0,1755.0,25270.0,424.0,185.0,2525.0
2012,Oregon,1999.0,340.0,6651.0,26.0,28774.0,2587.0,38352.0,509.0,468.0,3002.0
2012,Pennsylvania,,,,,1.0,,1.0,,,
2012,Rhode Island,1634.0,182.0,5942.0,36.0,18704.0,2691.0,27519.0,415.0,718.0,2803.0
2012,South Carolina,19941.0,848.0,44411.0,330.0,125874.0,13841.0,184974.0,2409.0,4523.0,27203.0
2012,South Dakota,1259.0,125.0,2757.0,15.0,12838.0,985.0,16705.0,524.0,142.0,1940.0
2012,Tennessee,30772.0,1225.0,56149.0,404.0,151335.0,13116.0,221825.0,2914.0,8195.0,42285.0
2012,Texas,7608.0,339.0,23559.0,98.0,74160.0,6413.0,104471.0,1940.0,2630.0,12276.0
2012,Utah,3393.0,241.0,10880.0,47.0,59224.0,5962.0,76307.0,1377.0,1022.0,5839.0
2012,Virginia,9183.0,1252.0,28890.0,319.0,142042.0,9208.0,181392.0,2508.0,4732.0,16742.0
2012,Vermont,636.0,74.0,4061.0,8.0,11076.0,477.0,15688.0,153.0,114.0,911.0
2012,Washington,9044.0,811.0,39404.0,149.0,114275.0,18000.0,172490.0,1730.0,3849.0,14772.0
2012,Wisconsin,6639.0,444.0,13195.0,110.0,42540.0,5930.0,62109.0,932.0,3579.0,11260.0
2012,West Virginia,4243.0,353.0,10365.0,69.0,28693.0,2104.0,41515.0,753.0,780.0,5845.0
2013,Alabama,29.0,1.0,345.0,2.0,2146.0,108.0,2600.0,10.0,35.0,76.0
2013,Arkansas,9632.0,520.0,28935.0,159.0,78828.0,5843.0,114126.0,1477.0,2254.0,13522.0
2013,Arizona,855.0,60.0,2390.0,13.0,7271.0,598.0,10319.0,85.0,125.0,1078.0
2013,Colorado,9731.0,851.0,24349.0,161.0,103137.0,13266.0,141603.0,2935.0,3118.0,15945.0
2013,Connecticut,2518.0,176.0,7501.0,43.0,33737.0,2962.0,44376.0,537.0,1694.0,4792.0
2013,DC,114.0,2.0,2.0,,1444.0,89.0,1537.0,2.0,422.0,538.0
2013,Delaware,3067.0,185.0,6352.0,41.0,22307.0,1334.0,30178.0,437.0,1241.0,4786.0
2013,Iowa,6032.0,459.0,14850.0,42.0,47210.0,4326.0,66845.0,1085.0,930.0,8089.0
2013,Idaho,2468.0,188.0,6409.0,28.0,22096.0,1632.0,30325.0,664.0,213.0,3373.0
2013,Illinois,1537.0,107.0,1892.0,19.0,4853.0,427.0,7279.0,151.0,396.0,2103.0
2013,Indiana,,,1.0,,20.0,1.0,22.0,,,
2013,Kansas,5949.0,486.0,12988.0,74.0,46163.0,4717.0,64354.0,1069.0,856.0,7948.0
2013,Kentucky,2195.0,395.0,18978.0,125.0,53621.0,4188.0,77182.0,1650.0,1833.0,5803.0
2013,Louisiana,1503.0,28.0,4187.0,31.0,13838.0,906.0,18959.0,199.0,234.0,1967.0
2013,Massachusetts,14477.0,503.0,26444.0,95.0,84989.0,6839.0,118775.0,1792.0,4289.0,20653.0
2013,Maine,204.0,44.0,1781.0,1.0,6960.0,304.0,9089.0,173.0,96.0,474.0
2013,Michigan,26992.0,1987.0,54055.0,621.0,147246.0,24347.0,227635.0,6571.0,10057.0,44241.0
2013,Missouri,4225.0,247.0,7548.0,103.0,21691.0,4803.0,34289.0,508.0,1789.0,6625.0
2013,Mississippi,183.0,28.0,1558.0,6.0,4591.0,299.0,6476.0,62.0,168.0,419.0
2013,Montana,1964.0,134.0,3681.0,16.0,20385.0,1774.0,25974.0,421.0,207.0,2608.0
2013,North Dakota,1159.0,83.0,2537.0,11.0,10787.0,1314.0,14721.0,306.0,151.0,1627.0
2013,Nebraska,373.0,,,4.0,,661.0,661.0,259.0,,636.0
2013,New Hampshire,1407.0,227.0,4545.0,22.0,21860.0,900.0,27532.0,637.0,635.0,2701.0
2013,Ohio,9736.0,1255.0,66904.0,391.0,176868.0,15566.0,260593.0,3089.0,11369.0,24585.0
2013,Oklahoma,2279.0,342.0,9208.0,36.0,20138.0,2313.0,32001.0,437.0,235.0,2987.0
2013,Oregon,1989.0,311.0,6351.0,25.0,30780.0,2763.0,40205.0,432.0,536.0,2982.0
2013,Pennsylvania,4.0,2.0,92.0,4.0,380.0,14.0,488.0,15.0,6.0,29.0
2013,Rhode Island,1564.0,174.0,5660.0,31.0,18064.0,2294.0,26192.0,454.0,687.0,2736.0
2013,South Carolina,17697.0,773.0,40065.0,302.0,121679.0,12822.0,175339.0,2265.0,3991.0,24255.0
2013,South Dakota,1347.0,73.0,2675.0,12.0,11495.0,787.0,15030.0,419.0,144.0,1922.0
2013,Tennessee,27945.0,1104.0,51228.0,334.0,146413.0,12103.0,210848.0,2623.0,7380.0,38282.0
2013,Texas,6818.0,345.0,21017.0,108.0,71626.0,6296.0,99284.0,1787.0,2496.0,11209.0
2013,Utah,3408.0,213.0,11164.0,40.0,59916.0,7385.0,78678.0,1389.0,1191.0,6028.0
2013,Virginia,9165.0,954.0,26478.0,321.0,138284.0,8776.0,174492.0,2455.0,4593.0,16534.0
2013,Vermont,561.0,75.0,3269.0,10.0,9871.0,373.0,13588.0,144.0,80.0,795.0
2013,Washington,9074.0,797.0,39817.0,130.0,127120.0,20557.0,188291.0,1763.0,4289.0,15256.0
2013,Wisconsin,6422.0,436.0,12081.0,126.0,39478.0,5444.0,57439.0,856.0,3825.0,11229.0
2013,West Virginia,3624.0,217.0,8048.0,58.0,23705.0,1751.0,33721.0,600.0,539.0,4821.0
2014,Alabama,32.0,1.0,270.0,1.0,1915.0,81.0,2267.0,15.0,50.0,98.0
2014,Arkansas,9968.0,468.0,23311.0,165.0,72787.0,5702.0,102268.0,1771.0,1970.0,13874.0
2014,Arizona,751.0,94.0,2372.0,11.0,7107.0,666.0,10239.0,94.0,143.0,999.0
2014,Colorado,10072.0,944.0,22875.0,142.0,99984.0,13253.0,137056.0,3055.0,3003.0,16272.0
2014,Connecticut,2234.0,156.0,7284.0,41.0,33331.0,2967.0,43738.0,496.0,1517.0,4288.0
2014,DC,123.0,3.0,3.0,,1025.0,101.0,1132.0,2.0,266.0,391.0
2014,Delaware,2968.0,214.0,5841.0,48.0,21802.0,1267.0,29124.0,406.0,1271.0,4693.0
2014,Iowa,6027.0,403.0,13651.0,59.0,46484.0,4270.0,64808.0,1147.0,1040.0,8273.0
2014,Idaho,2469.0,221.0,6090.0,29.0,22297.0,1732.0,30340.0,638.0,200.0,3336.0
2014,Illinois,1316.0,87.0,1675.0,17.0,4501.0,451.0,6714.0,143.0,419.0,1895.0
2014,Indiana,191.0,7.0,172.0,20.0,911.0,312.0,1402.0,81.0,24.0,316.0
2014,Kansas,5769.0,520.0,11405.0,52.0,40457.0,4622.0,57004.0,991.0,809.0,7621.0
2014,Kentucky,3050.0,366.0,21417.0,140.0,58743.0,6038.0,86564.0,1653.0,2423.0,7266.0
2014,Louisiana,1540.0,39.0,4389.0,29.0,13204.0,948.0,18580.0,191.0,206.0,1966.0
2014,Massachusetts,14537.0,478.0,21279.0,75.0,78484.0,6213.0,106454.0,1637.0,3851.0,20100.0
2014,Maine,206.0,30.0,1318.0,7.0,6112.0,260.0,7720.0,148.0,113.0,474.0
2014,Michigan,27556.0,1700.0,43407.0,539.0,136120.0,21571.0,202798.0,6229.0,8017.0,42341.0
2014,Missouri,4273.0,280.0,6985.0,86.0,20940.0,4670.0,32875.0,568.0,1775.0,6702.0
2014,Mississippi,155.0,38.0,1580.0,6.0,4940.0,308.0,6866.0,66.0,174.0,401.0
2014,Montana,2053.0,124.0,3166.0,30.0,20065.0,1872.0,25227.0,493.0,185.0,2761.0
2014,North Dakota,1159.0,88.0,2424.0,15.0,11529.0,1510.0,15551.0,340.0,168.0,1682.0
2014,Nebraska,611.0,,,8.0,,678.0,678.0,295.0,,914.0
2014,New Hampshire,1441.0,187.0,4069.0,18.0,20376.0,867.0,25499.0,567.0,533.0,2559.0
2014,Ohio,10104.0,1287.0,59232.0,380.0,171999.0,14954.0,247472.0,3860.0,10211.0,24555.0
2014,Oklahoma,2533.0,315.0,8771.0,38.0,20167.0,2452.0,31705.0,537.0,307.0,3415.0
2014,Oregon,2652.0,375.0,7159.0,29.0,38695.0,3760.0,49989.0,613.0,696.0,3990.0
2014,Pennsylvania,67.0,17.0,287.0,1.0,2041.0,47.0,2392.0,48.0,46.0,162.0
2014,Rhode Island,1417.0,159.0,4814.0,26.0,16514.0,1878.0,23365.0,366.0,534.0,2343.0
2014,South Carolina,17394.0,689.0,36264.0,321.0,119327.0,12876.0,169156.0,2248.0,4000.0,23963.0
2014,South Dakota,1499.0,66.0,2480.0,17.0,12128.0,938.0,15612.0,417.0,176.0,2109.0
2014,Tennessee,30011.0,1088.0,46825.0,372.0,143945.0,12806.0,204664.0,2781.0,7341.0,40505.0
2014,Texas,6904.0,342.0,18714.0,123.0,71517.0,6675.0,97248.0,1811.0,2410.0,11248.0
2014,Utah,3112.0,266.0,9342.0,62.0,58143.0,6974.0,74725.0,1380.0,1222.0,5776.0
2014,Virginia,9516.0,861.0,22817.0,346.0,132708.0,7934.0,164320.0,2498.0,4297.0,16657.0
2014,Vermont,454.0,37.0,1935.0,13.0,7409.0,193.0,9574.0,130.0,82.0,679.0
2014,Washington,9408.0,840.0,38947.0,140.0,134542.0,23034.0,197363.0,1945.0,4335.0,15828.0
2014,Wisconsin,7012.0,376.0,10841.0,113.0,37983.0,7768.0,56968.0,850.0,4037.0,12012.0
2014,West Virginia,3800.0,191.0,6988.0,73.0,22272.0,1626.0,31077.0,516.0,465.0,4854.0
2015,Alabama,52.0,1.0,307.0,3.0,2090.0,76.0,2474.0,23.0,51.0,129.0
2015,Arkansas,11106.0,490.0,21539.0,179.0,69629.0,5959.0,97617.0,1936.0,2072.0,15293.0
2015,Arizona,634.0,71.0,2004.0,10.0,6491.0,623.0,9189.0,111.0,129.0,884.0
2015,Colorado,10405.0,862.0,22794.0,146.0,104718.0,16864.0,145238.0,3337.0,3221.0,17109.0
2015,Connecticut,2215.0,164.0,6147.0,49.0,32911.0,3201.0,42423.0,504.0,1354.0,4122.0
2015,DC,112.0,1.0,,,1019.0,71.0,1091.0,,342.0,454.0
2015,Delaware,3225.0,161.0,4834.0,56.0,20303.0,1186.0,26484.0,379.0,1236.0,4896.0
2015,Iowa,6190.0,440.0,14349.0,74.0,45934.0,4532.0,65255.0,1217.0,1047.0,8528.0
2015,Idaho,2618.0,237.0,5743.0,30.0,21201.0,2029.0,29210.0,731.0,188.0,3567.0
2015,Illinois,1707.0,70.0,1440.0,19.0,4125.0,539.0,6174.0,165.0,509.0,2400.0
2015,Indiana,257.0,3.0,170.0,9.0,842.0,315.0,1330.0,86.0,25.0,377.0
2015,Kansas,6181.0,536.0,10837.0,75.0,39446.0,4618.0,55437.0,1127.0,1090.0,8473.0
2015,Kentucky,4734.0,354.0,22119.0,217.0,69213.0,8058.0,99744.0,1782.0,3339.0,10072.0
2015,Louisiana,2131.0,66.0,5195.0,39.0,15608.0,1162.0,22031.0,282.0,262.0,2714.0
2015,Massachusetts,15098.0,380.0,18530.0,87.0,72638.0,6312.0,97860.0,1710.0,3440.0,20335.0
2015,Maine,220.0,29.0,1129.0,5.0,5597.0,231.0,6986.0,134.0,71.0,430.0
2015,Michigan,26367.0,2013.0,39325.0,568.0,131609.0,19034.0,191981.0,6591.0,7813.0,41339.0
2015,Missouri,5093.0,249.0,6087.0,116.0,19844.0,4757.0,30937.0,530.0,1891.0,7630.0
2015,Mississippi,222.0,42.0,1701.0,11.0,5259.0,449.0,7451.0,77.0,186.0,496.0
2015,Montana,2565.0,139.0,3602.0,38.0,21750.0,2441.0,27932.0,544.0,196.0,3343.0
2015,North Dakota,1195.0,66.0,2914.0,17.0,12910.0,1778.0,17668.0,364.0,157.0,1733.0
2015,Nebraska,657.0,,,6.0,,778.0,778.0,321.0,,984.0
2015,New Hampshire,1543.0,140.0,3415.0,16.0,18652.0,913.0,23120.0,643.0,475.0,2677.0
2015,Ohio,10655.0,1273.0,52334.0,432.0,164469.0,14056.0,232132.0,4138.0,9876.0,25101.0
2015,Oklahoma,2840.0,286.0,9364.0,57.0,20178.0,2686.0,32514.0,619.0,315.0,3831.0
2015,Oregon,5165.0,664.0,11341.0,93.0,65042.0,8484.0,85531.0,1306.0,1449.0,8013.0
2015,Pennsylvania,72.0,18.0,362.0,1.0,2249.0,77.0,2706.0,57.0,66.0,196.0
2015,Rhode Island,1523.0,172.0,3979.0,31.0,14890.0,1428.0,20469.0,469.0,551.0,2574.0
2015,South Carolina,17634.0,707.0,34361.0,405.0,116773.0,13462.0,165303.0,2499.0,3965.0,24503.0
2015,South Dakota,1756.0,63.0,2534.0,28.0,12593.0,1171.0,16361.0,452.0,200.0,2436.0
2015,Tennessee,30609.0,940.0,44162.0,424.0,142657.0,13376.0,201135.0,3018.0,7601.0,41652.0
2015,Texas,7271.0,291.0,18062.0,123.0,72963.0,6916.0,98232.0,1916.0,2353.0,11663.0
2015,Utah,3579.0,202.0,10360.0,50.0,61386.0,8613.0,80561.0,1513.0,1281.0,6423.0
2015,Virginia,9430.0,895.0,21175.0,377.0,129750.0,8524.0,160344.0,2576.0,4451.0,16834.0
2015,Vermont,471.0,18.0,1339.0,12.0,3543.0,200.0,5100.0,182.0,101.0,766.0
2015,Washington,10047.0,930.0,38726.0,168.0,139833.0,21465.0,200954.0,2064.0,4409.0,16688.0
2015,Wisconsin,7560.0,328.0,11038.0,186.0,40461.0,8883.0,60710.0,1062.0,4273.0,13081.0
2015,West Virginia,4115.0,216.0,7210.0,71.0,22423.0,1858.0,31707.0,623.0,586.0,5395.0
2016,Alabama,44.0,2.0,206.0,3.0,886.0,81.0,1175.0,20.0,41.0,108.0
2016,Arkansas,11825.0,546.0,22929.0,213.0,68840.0,7286.0,99601.0,2203.0,2110.0,16351.0
2016,Arizona,618.0,78.0,1662.0,11.0,5780.0,565.0,8085.0,113.0,121.0,863.0
2016,Colorado,11634.0,918.0,22946.0,182.0,109610.0,20535.0,154009.0,3695.0,3508.0,19019.0
2016,Connecticut,2715.0,144.0,6966.0,48.0,35483.0,4468.0,47061.0,530.0,1482.0,4775.0
2016,DC,170.0,3.0,1.0,1.0,999.0,79.0,1082.0,6.0,351.0,528.0
2016,Delaware,3245.0,180.0,5064.0,53.0,20631.0,1471.0,27346.0,308.0,1348.0,4954.0
2016,Iowa,6558.0,375.0,14566.0,74.0,46261.0,5194.0,66396.0,1291.0,1146.0,9069.0
2016,Idaho,2900.0,187.0,6099.0,46.0,21107.0,2238.0,29631.0,772.0,212.0,3930.0
2016,Illinois,1799.0,83.0,1409.0,26.0,3873.0,535.0,5900.0,150.0,542.0,2517.0
2016,Indiana,231.0,10.0,175.0,21.0,910.0,404.0,1499.0,100.0,21.0,373.0
2016,Kansas,6458.0,508.0,10468.0,76.0,41364.0,4989.0,57329.0,1110.0,1021.0,8665.0
2016,Kentucky,5117.0,353.0,20888.0,270.0,69637.0,10360.0,101238.0,1953.0,3410.0,10750.0
2016,Louisiana,2112.0,40.0,5224.0,42.0,15278.0,1119.0,21661.0,198.0,280.0,2632.0
2016,Massachusetts,14587.0,438.0,16657.0,81.0,67555.0,6439.0,91089.0,1734.0,3429.0,19831.0
2016,Maryland,8.0,,61.0,,255.0,23.0,339.0,35.0,8.0,51.0
2016,Maine,296.0,33.0,1064.0,3.0,5763.0,260.0,7120.0,149.0,97.0,545.0
2016,Michigan,30684.0,1769.0,38778.0,588.0,130348.0,20441.0,191336.0,7154.0,7130.0,45556.0
2016,Minnesota,24.0,,59.0,,369.0,30.0,458.0,5.0,5.0,34.0
2016,Missouri,6145.0,246.0,6047.0,137.0,20036.0,4838.0,31167.0,598.0,2072.0,8952.0
2016,Mississippi,214.0,43.0,1671.0,14.0,5481.0,495.0,7690.0,67.0,191.0,486.0
2016,Montana,2634.0,165.0,3733.0,30.0,22402.0,2639.0,28939.0,576.0,230.0,3470.0
2016,North Dakota,1133.0,80.0,2915.0,15.0,12418.0,1974.0,17387.0,333.0,181.0,1662.0
2016,Nebraska,813.0,,,4.0,,968.0,968.0,339.0,,1156.0
2016,New Hampshire,1599.0,177.0,2928.0,17.0,16132.0,899.0,20136.0,608.0,432.0,2656.0
2016,Ohio,12251.0,1303.0,51815.0,562.0,168610.0,17291.0,239019.0,4423.0,9816.0,27052.0
2016,Oklahoma,3212.0,343.0,10614.0,63.0,23569.0,3462.0,37988.0,763.0,369.0,4407.0
2016,Oregon,6344.0,854.0,14098.0,93.0,83014.0,12783.0,110749.0,1777.0,2164.0,10378.0
2016,Pennsylvania,51.0,14.0,297.0,9.0,2007.0,56.0,2374.0,44.0,47.0,151.0
2016,Rhode Island,1528.0,140.0,3683.0,29.0,14360.0,1157.0,19340.0,446.0,545.0,2548.0
2016,South Carolina,18232.0,681.0,32311.0,357.0,116571.0,14358.0,163921.0,2573.0,4077.0,25239.0
2016,South Dakota,1846.0,72.0,2702.0,21.0,13205.0,1458.0,17437.0,470.0,235.0,2572.0
2016,Tennessee,31860.0,1105.0,40870.0,502.0,138646.0,15816.0,196437.0,2990.0,7904.0,43256.0
2016,Texas,7775.0,345.0,17812.0,153.0,73526.0,7715.0,99398.0,2040.0,2713.0,12681.0
2016,Utah,3839.0,220.0,10579.0,71.0,60720.0,9209.0,80728.0,1422.0,1471.0,6803.0
2016,Virginia,10435.0,879.0,20002.0,466.0,128779.0,10104.0,159764.0,2964.0,4793.0,18658.0
2016,Vermont,593.0,45.0,1962.0,16.0,7741.0,212.0,9960.0,203.0,97.0,909.0
2016,Washington,11796.0,958.0,41405.0,176.0,159063.0,28925.0,230351.0,2692.0,4997.0,19661.0
2016,Wisconsin,7968.0,416.0,11647.0,184.0,43883.0,8082.0,64028.0,1196.0,3922.0,13270.0
2016,West Virginia,4651.0,240.0,8165.0,85.0,23734.0,2331.0,34470.0,638.0,671.0,6045.0
2017,Alabama,30.0,2.0,214.0,2.0,723.0,65.0,1004.0,20.0,34.0,86.0
2017,Arkansas,12170.0,540.0,20731.0,250.0,64823.0,7270.0,93364.0,2113.0,1867.0,16400.0
2017,Arizona,650.0,84.0,1519.0,27.0,6296.0,628.0,8527.0,121.0,161.0,959.0
2017,Colorado,12767.0,1050.0,22148.0,220.0,109410.0,22813.0,155421.0,4083.0,3833.0,20903.0
2017,Connecticut,2525.0,154.0,6312.0,48.0,36598.0,5314.0,48378.0,602.0,1511.0,4686.0
2017,DC,119.0,,1.0,,855.0,43.0,899.0,1.0,274.0,394.0
2017,Delaware,2977.0,138.0,3891.0,50.0,18802.0,1331.0,24162.0,362.0,1089.0,4478.0
2017,Iowa,6316.0,424.0,14158.0,98.0,46006.0,5719.0,66307.0,1329.0,1233.0,8976.0
2017,Idaho,3030.0,180.0,5572.0,36.0,20689.0,2264.0,28705.0,795.0,210.0,4071.0
2017,Illinois,1803.0,59.0,1397.0,18.0,3600.0,502.0,5558.0,125.0,428.0,2374.0
2017,Indiana,652.0,18.0,907.0,18.0,3087.0,867.0,4879.0,178.0,179.0,1027.0
2017,Kansas,6808.0,541.0,10388.0,96.0,43172.0,5629.0,59730.0,1214.0,1009.0,9127.0
2017,Kentucky,5326.0,331.0,19961.0,269.0,68147.0,10809.0,99248.0,2059.0,3004.0,10658.0
2017,Louisiana,2354.0,55.0,5295.0,56.0,17804.0,1290.0,24444.0,179.0,388.0,2977.0
2017,Massachusetts,13671.0,387.0,14462.0,104.0,62886.0,6077.0,83812.0,1799.0,3103.0,18677.0
2017,Maryland,556.0,14.0,1386.0,20.0,11573.0,809.0,13782.0,281.0,618.0,1475.0
2017,Maine,305.0,24.0,949.0,4.0,5676.0,260.0,6909.0,181.0,104.0,594.0
2017,Michigan,30710.0,1959.0,35415.0,568.0,125449.0,19747.0,182570.0,7129.0,6490.0,44897.0
2017,Minnesota,136.0,18.0,456.0,3.0,1821.0,191.0,2486.0,49.0,12.0,200.0
2017,Missouri,6822.0,254.0,6049.0,158.0,22578.0,5653.0,34534.0,704.0,2068.0,9752.0
2017,Mississippi,339.0,31.0,1791.0,15.0,5829.0,531.0,8182.0,78.0,185.0,617.0
2017,Montana,2785.0,161.0,3426.0,32.0,21948.0,2593.0,28128.0,621.0,193.0,3631.0
2017,North Dakota,1216.0,64.0,2549.0,9.0,11998.0,1727.0,16338.0,358.0,183.0,1766.0
2017,Nebraska,900.0,,,12.0,,1201.0,1201.0,462.0,,1374.0
2017,New Hampshire,1559.0,129.0,2547.0,13.0,14788.0,952.0,18416.0,617.0,414.0,2603.0
2017,Ohio,14799.0,1154.0,48378.0,644.0,169829.0,18362.0,237723.0,4992.0,9569.0,30004.0
2017,Oklahoma,3473.0,357.0,10074.0,52.0,24437.0,3856.0,38724.0,832.0,366.0,4723.0
2017,Oregon,6876.0,977.0,15729.0,97.0,86528.0,17076.0,120310.0,2055.0,2356.0,11384.0
2017,Pennsylvania,45.0,9.0,267.0,2.0,1966.0,50.0,2292.0,34.0,39.0,120.0
2017,Rhode Island,1535.0,130.0,3285.0,21.0,14064.0,1516.0,18995.0,454.0,475.0,2485.0
2017,South Carolina,18426.0,674.0,30119.0,374.0,116256.0,14797.0,161846.0,2641.0,3895.0,25336.0
2017,South Dakota,1728.0,74.0,2395.0,20.0,12678.0,1320.0,16467.0,517.0,179.0,2444.0
2017,Tennessee,32846.0,961.0,38722.0,542.0,143466.0,19183.0,202332.0,3134.0,7924.0,44446.0
2017,Texas,11501.0,419.0,21214.0,220.0,92239.0,10935.0,124807.0,3022.0,3682.0,18425.0
2017,Utah,3660.0,185.0,9378.0,63.0,56658.0,9105.0,75326.0,1589.0,1357.0,6669.0
2017,Virginia,10065.0,833.0,18442.0,457.0,125498.0,10431.0,155204.0,3156.0,4332.0,18010.0
2017,Vermont,722.0,39.0,1964.0,17.0,7303.0,240.0,9546.0,266.0,102.0,1107.0
2017,Washington,13051.0,945.0,39687.0,202.0,161072.0,28079.0,229783.0,3135.0,5060.0,21448.0
2017,Wisconsin,9527.0,465.0,11473.0,155.0,45162.0,7733.0,64833.0,1346.0,3735.0,14763.0
2017,West Virginia,4588.0,223.0,6812.0,96.0,21198.0,2913.0,31146.0,775.0,513.0,5972.0
2018,Alabama,19.0,,162.0,2.0,980.0,60.0,1202.0,19.0,22.0,62.0
2018,Arkansas,12515.0,529.0,18738.0,227.0,63831.0,7364.0,90462.0,2290.0,1585.0,16617.0
2018,Arizona,701.0,45.0,1309.0,27.0,6112.0,623.0,8089.0,138.0,110.0,976.0
2018,Colorado,14468.0,989.0,21493.0,216.0,112623.0,23184.0,158289.0,4334.0,3783.0,22801.0
2018,Connecticut,2747.0,136.0,6185.0,57.0,36785.0,5780.0,48886.0,722.0,1533.0,5059.0
2018,DC,121.0,4.0,2.0,,690.0,44.0,740.0,5.0,258.0,384.0
2018,Delaware,2907.0,137.0,3232.0,46.0,18492.0,1416.0,23277.0,346.0,864.0,4163.0
2018,Georgia,140.0,9.0,665.0,2.0,1090.0,106.0,1870.0,56.0,41.0,239.0
2018,Hawaii,1305.0,258.0,3615.0,25.0,21492.0,4254.0,29619.0,396.0,810.0,2536.0
2018,Iowa,5196.0,301.0,9896.0,45.0,34489.0,4310.0,48996.0,1058.0,689.0,6988.0
2018,Idaho,2961.0,170.0,4839.0,31.0,19232.0,2057.0,26298.0,964.0,196.0,4152.0
2018,Illinois,1580.0,65.0,1199.0,23.0,3972.0,499.0,5735.0,142.0,349.0,2094.0
2018,Indiana,1476.0,84.0,2216.0,43.0,7491.0,1648.0,11439.0,242.0,385.0,2146.0
2018,Kansas,7564.0,583.0,9622.0,93.0,40425.0,5978.0,56608.0,1260.0,908.0,9825.0
2018,Kentucky,5179.0,324.0,17137.0,250.0,64040.0,10833.0,92334.0,2051.0,2496.0,9976.0
2018,Louisiana,2458.0,56.0,5254.0,50.0,18046.0,1559.0,24915.0,239.0,387.0,3134.0
2018,Massachusetts,13236.0,282.0,11805.0,77.0,55821.0,5372.0,73280.0,2048.0,2730.0,18091.0
2018,Maryland,638.0,11.0,1349.0,20.0,11191.0,765.0,13316.0,365.0,525.0,1548.0
2018,Maine,303.0,37.0,834.0,4.0,5824.0,247.0,6942.0,187.0,86.0,580.0
2018,Michigan,31108.0,1767.0,31264.0,554.0,117563.0,18119.0,168713.0,7849.0,5656.0,45167.0
2018,Minnesota,508.0,42.0,1538.0,5.0,6929.0,667.0,9176.0,229.0,82.0,824.0
2018,Missouri,7169.0,317.0,6249.0,167.0,27386.0,6413.0,40365.0,887.0,1909.0,10132.0
2018,Mississippi,640.0,42.0,2598.0,19.0,8966.0,958.0,12564.0,113.0,247.0,1019.0
2018,Montana,2832.0,113.0,3064.0,32.0,21371.0,2811.0,27359.0,533.0,242.0,3639.0
2018,North Dakota,1297.0,38.0,2426.0,15.0,11071.0,1651.0,15186.0,363.0,158.0,1833.0
2018,Nebraska,916.0,,,12.0,,1258.0,1258.0,498.0,,1426.0
2018,New Hampshire,1433.0,120.0,1861.0,21.0,14090.0,925.0,16996.0,556.0,337.0,2347.0
2018,New Mexico,5482.0,114.0,6625.0,74.0,25809.0,7307.0,39855.0,587.0,2029.0,8172.0
2018,Ohio,16005.0,1031.0,41726.0,543.0,157085.0,18049.0,217891.0,5084.0,8683.0,30315.0
2018,Oklahoma,3480.0,355.0,10186.0,62.0,25058.0,4332.0,39931.0,986.0,423.0,4951.0
2018,Oregon,7305.0,1004.0,15389.0,82.0,88203.0,16779.0,121375.0,2202.0,2473.0,12062.0
2018,Pennsylvania,38.0,6.0,137.0,1.0,1241.0,44.0,1428.0,40.0,39.0,118.0
2018,Rhode Island,1369.0,82.0,2870.0,16.0,13476.0,1576.0,18004.0,494.0,454.0,2333.0
2018,South Carolina,18603.0,644.0,28907.0,406.0,112312.0,15398.0,157261.0,2686.0,3578.0,25273.0
2018,South Dakota,1762.0,66.0,2252.0,12.0,11977.0,1423.0,15718.0,538.0,208.0,2520.0
2018,Tennessee,32217.0,836.0,33516.0,507.0,141436.0,21091.0,196879.0,3090.0,7273.0,43087.0
2018,Texas,29940.0,964.0,44400.0,560.0,187872.0,31795.0,265031.0,5471.0,13124.0,49095.0
2018,Utah,3786.0,157.0,8032.0,58.0,49296.0,7319.0,64804.0,1604.0,1150.0,6598.0
2018,Virginia,10343.0,681.0,15219.0,417.0,118359.0,11101.0,145360.0,3171.0,3632.0,17563.0
2018,Vermont,745.0,45.0,1501.0,11.0,6528.0,278.0,8352.0,325.0,73.0,1154.0
2018,Washington,13823.0,1019.0,37764.0,222.0,156545.0,27587.0,222915.0,3448.0,5370.0,22863.0
2018,Wisconsin,9346.0,400.0,10426.0,149.0,45723.0,7394.0,63943.0,1673.0,3094.0,14262.0
2018,West Virginia,3671.0,196.0,4925.0,76.0,16948.0,2007.0,24076.0,656.0,316.0,4719.0
2019,Alabama,68.0,2.0,124.0,4.0,1713.0,102.0,1941.0,15.0,27.0,114.0
2019,Arkansas,12725.0,426.0,17203.0,231.0,59458.0,7145.0,84232.0,2197.0,1485.0,16638.0
2019,Arizona,874.0,49.0,1385.0,31.0,6900.0,763.0,9097.0,128.0,131.0,1164.0
2019,Colorado,13217.0,845.0,19823.0,212.0,102916.0,21643.0,145227.0,3656.0,3412.0,20497.0
2019,Connecticut,2861.0,156.0,5498.0,76.0,34475.0,5267.0,45396.0,713.0,1584.0,5234.0
2019,DC,150.0,3.0,3.0,,828.0,36.0,870.0,3.0,354.0,507.0
2019,Delaware,3024.0,128.0,3071.0,48.0,18077.0,1528.0,22804.0,325.0,791.0,4188.0
2019,Georgia,3936.0,152.0,6993.0,73.0,26736.0,3258.0,37139.0,673.0,873.0,5555.0
2019,Hawaii,1336.0,272.0,3907.0,27.0,21804.0,4017.0,30000.0,351.0,955.0,2669.0
2019,Iowa,6154.0,322.0,11779.0,58.0,37967.0,5271.0,55339.0,1161.0,864.0,8237.0
2019,Idaho,2947.0,141.0,3875.0,35.0,16415.0,1635.0,22066.0,839.0,152.0,3973.0
2019,Illinois,1316.0,70.0,1007.0,14.0,3594.0,435.0,5106.0,125.0,284.0,1739.0
2019,Indiana,5182.0,334.0,7357.0,106.0,29213.0,5135.0,42039.0,690.0,1955.0,7933.0
2019,Kansas,7634.0,407.0,8072.0,75.0,38705.0,5502.0,52686.0,1190.0,790.0,9689.0
2019,Kentucky,5811.0,279.0,15443.0,222.0,62209.0,10602.0,88533.0,1724.0,2189.0,9946.0
2019,Louisiana,2867.0,57.0,4242.0,78.0,15826.0,1317.0,21442.0,302.0,357.0,3604.0
2019,Massachusetts,13623.0,302.0,10617.0,113.0,54257.0,4924.0,70100.0,1914.0,2629.0,18279.0
2019,Maryland,1317.0,9.0,2265.0,47.0,17375.0,2304.0,21953.0,497.0,1113.0,2974.0
2019,Maine,438.0,85.0,1120.0,11.0,6298.0,354.0,7857.0,325.0,96.0,870.0
2019,Michigan,30410.0,1666.0,27731.0,554.0,111252.0,18445.0,159094.0,7094.0,5342.0,43400.0
2019,Minnesota,3644.0,153.0,6370.0,59.0,29278.0,4684.0,40485.0,885.0,1510.0,6098.0
2019,Missouri,7580.0,294.0,7048.0,185.0,34224.0,7399.0,48965.0,1057.0,1845.0,10667.0
2019,Mississippi,685.0,57.0,3197.0,54.0,12892.0,1538.0,17684.0,205.0,313.0,1257.0
2019,Montana,2827.0,106.0,2669.0,29.0,18762.0,2275.0,23812.0,585.0,204.0,3645.0
2019,North Carolina,22238.0,1153.0,44924.0,516.0,152437.0,15485.0,213999.0,2588.0,6540.0,31882.0
2019,North Dakota,1250.0,83.0,2428.0,23.0,10830.0,1710.0,15051.0,405.0,176.0,1854.0
2019,Nebraska,958.0,87.0,,13.0,9795.0,1271.0,11153.0,451.0,101.0,1523.0
2019,New Hampshire,1102.0,118.0,1677.0,33.0,13126.0,909.0,15830.0,554.0,302.0,1991.0
2019,New Mexico,5883.0,106.0,6408.0,97.0,24930.0,6163.0,37607.0,618.0,1769.0,8367.0
2019,Nevada,174.0,3.0,367.0,,824.0,240.0,1434.0,63.0,72.0,309.0
2019,New York,,,480.0,,,,480.0,,,
2019,Ohio,16512.0,898.0,37092.0,494.0,144818.0,17006.0,199814.0,4739.0,7962.0,29707.0
2019,Oklahoma,5908.0,449.0,14343.0,144.0,37917.0,7318.0,60027.0,1306.0,971.0,8329.0
2019,Oregon,7385.0,865.0,14048.0,100.0,82680.0,15044.0,112637.0,1800.0,2224.0,11509.0
2019,Pennsylvania,25.0,,88.0,,680.0,36.0,804.0,23.0,18.0,66.0
2019,Rhode Island,1417.0,86.0,2352.0,25.0,12783.0,1397.0,16618.0,492.0,421.0,2355.0
2019,South Carolina,19554.0,594.0,26201.0,449.0,108011.0,14813.0,149619.0,2468.0,3240.0,25711.0
2019,South Dakota,2027.0,64.0,2291.0,16.0,12190.0,1686.0,16231.0,539.0,162.0,2744.0
2019,Tennessee,31462.0,823.0,29719.0,498.0,134413.0,19580.0,184535.0,2896.0,6198.0,41054.0
2019,Texas,48021.0,1552.0,67467.0,912.0,302790.0,51162.0,422971.0,8077.0,20850.0,77860.0
2019,Utah,3954.0,173.0,7126.0,64.0,47241.0,6452.0,60992.0,1566.0,1051.0,6635.0
2019,Virginia,11096.0,665.0,14046.0,427.0,117867.0,10584.0,143162.0,2897.0,3539.0,17959.0
2019,Vermont,904.0,49.0,1292.0,12.0,7433.0,310.0,9084.0,279.0,72.0,1267.0
2019,Washington,13506.0,905.0,33891.0,195.0,148876.0,24892.0,208564.0,3237.0,5094.0,22032.0
2019,Wisconsin,9990.0,350.0,9753.0,158.0,48482.0,6514.0,65099.0,1744.0,2705.0,14597.0
2019,West Virginia,3147.0,156.0,4283.0,73.0,14128.0,1758.0,20325.0,600.0,211.0,4031.0
2019,Wyoming,29.0,6.0,61.0,,325.0,20.0,412.0,48.0,2.0,79.0
